"State","FIPS","Total","NonHispanic","WhiteNonHispanic","BlackNonHispanic","IndianNonHispanic","AsianNonHispanic","HawaiianNonHispanic","OtherNonHispanic","TwoOrMoreNonHispanic","Hispanic","WhiteHispanic","BlackHispanic","IndianHispanic","AsianHispanic","HawaiianHispanic","OtherHispanic","TwoOrMoreHispanic","state","fips","WhiteTotal","BlackTotal","IndianTotal","AsianTotal","HawaiianTotal","OtherTotal","TwoOrMoreTotal","WhiteHispanicPerc","WhiteNonHispanicPerc","BlackHispanicPerc","BlackNonHispanicPerc","IndianHispanicPerc","IndianNonHispanicPerc","AsianHispanicPerc","AsianNonHispanicPerc","HawaiianHispanicPerc","HawaiianNonHispanicPerc","OtherHispanicPerc","OtherNonHispanicPerc","TwoOrMoreHispanicPerc","TwoOrMoreNonHispanicPerc","WhiteTotalPerc","BlackTotalPerc","IndianTotalPerc","AsianTotalPerc","HawaiianTotalPerc","OtherTotalPerc","TwoOrMoreTotalPerc"
"Alabama",1,4893186,4680235,3192147,1292950,21297,67317,1887,104637,94858,212951,110687,8369,3467,592,155,89681,24464,"Alabama",1,3302834,1301319,24764,67909,2042,194318,119322,0.022620640212736652,0.6523657592415248,0.0017103376000830544,0.2642347950803423,0.0007085363196902795,0.004352379002147067,0.00012098456915392139,0.013757294327254267,0.00003167670307239496,0.00038563831417812443,0.01832773166603518,0.02138422696378188,0.004999605573955292,0.019385733548653167,0.6749863994542615,0.26594513268042536,0.005060915321837347,0.013878278896408188,0.0004173150172505194,0.03971195862981705,0.024385339122608457
"Alaska",2,736990,683931,439979,22720,103843,45855,10306,61228,58275,53059,26982,1174,3455,1434,179,19835,10557,"Alaska",2,466961,23894,107298,47289,10485,81063,68832,0.03661108020461607,0.5969945318118292,0.0015929659832562178,0.03082809807460074,0.004687987625340914,0.14090150476939986,0.0019457523168564025,0.06221929741244793,0.0002428798219785886,0.013983907515705777,0.02691352664215254,0.08307846782181577,0.014324482014681339,0.07907162919442598,0.6336056120164453,0.032421064057856955,0.14558949239474078,0.06416504972930433,0.014226787337684366,0.1099919944639683,0.09339611120910732
"Arizona",4,7174064,4913374,3883722,305973,272294,233048,13323,205014,187561,2260690,1408776,19132,38720,6142,1310,786610,312036,"Arizona",4,5292498,325105,311014,239190,14633,991624,499597,0.1963707042479688,0.5413559176500238,0.002666828731943289,0.0426498843612212,0.005397219762745356,0.03795533466107913,0.0008561395605057329,0.03248479522903615,0.00018260221821271737,0.0018571063765252165,0.10964635944145466,0.028577107759283998,0.04349501203223166,0.02614431652686678,0.7377266218979925,0.045316713093164485,0.043352554423824484,0.03334093478954188,0.0020397085947379337,0.13822346720073864,0.06963932855909843
"Arkansas",5,3011873,2782244,2155099,455485,15912,45389,10258,100101,93127,229629,114860,2355,3234,741,197,108242,26853,"Arkansas",5,2269959,457840,19146,46130,10455,208343,119980,0.038135738127072424,0.715534486347864,0.000781905478750266,0.15122981613102546,0.0010737504536213844,0.005283091285721543,0.0002460263098742875,0.015070024532906932,0.00006540780437953393,0.003405854098097762,0.03593843432309397,0.03323546510759252,0.00891571457362246,0.030919962428694703,0.7536702244749364,0.15201172160977572,0.006356841739342927,0.01531605084278122,0.003471261902477296,0.06917389943068648,0.03983567700231716
"California",6,39346023,23965094,14365145,2142371,131724,5743983,135524,1446347,1322199,15380929,7688576,108591,179905,90329,14112,7299416,1799817,"California",6,22053721,2250962,311629,5834312,149636,8745763,3122016,0.19540922852609524,0.3650977635020444,0.0027598977411262124,0.05444949290046417,0.004572380796910529,0.0033478351801908925,0.0022957593452329348,0.1459863681775411,0.0003586639493399371,0.0034444141914927464,0.18551852114761383,0.03675967454194799,0.04574330168007069,0.033604387411657846,0.5605069920281397,0.057209390641590384,0.007920215977101422,0.14828212752277403,0.0038030781408326837,0.22227819568956184,0.07934768909172854
"Colorado",8,5684926,4453800,3837450,224190,29337,178265,7794,176764,164556,1231126,796855,11502,24334,3468,1089,393878,172673,"Colorado",8,4634305,235692,53671,181733,8883,570642,337229,0.14016981047774413,0.6750219791779172,0.0020232453333605396,0.03943586952583024,0.0042804427005734115,0.005160489336184851,0.0006100343258645758,0.03135748820653075,0.0001915592217031497,0.0013709940991316334,0.06928463096969072,0.031093456625468828,0.030373834241641844,0.028946023220003215,0.8151917896556613,0.04145911485919078,0.009440932036758262,0.03196752253239532,0.0015625533208347832,0.10037808759515954,0.05931985746164506
"Connecticut",9,3570549,2983337,2357942,352036,4882,161787,742,105948,93146,587212,292052,30125,4197,1475,447,258916,79501,"Connecticut",9,2649994,382161,9079,163262,1189,364864,172647,0.08179470439979958,0.6603863999625827,0.008437077883541158,0.09859436181942889,0.0011754494897003233,0.0013672967378405953,0.0004131017386962061,0.04531151932097837,0.00012519083199810448,0.00020781117973734571,0.07251433883136739,0.02967274780432925,0.02226576361226243,0.02608730478142157,0.7421811043623823,0.10703143970297005,0.0025427462275409186,0.04572462105967458,0.00033300201173545017,0.10218708663569664,0.048353068393684
"Delaware",10,967679,876329,595236,208126,2836,38249,290,31592,28088,91350,57351,4669,724,279,415,27912,9479,"Delaware",10,652587,212795,3560,38528,705,59504,37567,0.05926655430158141,0.6151172031221097,0.004824947115727426,0.2150775205414192,0.0007481819901020896,0.0029307239280794563,0.0002883187503293964,0.0395265372091365,0.000428861223608242,0.00029968615625636187,0.028844275839405423,0.03264718982224477,0.009795603707427773,0.02902615433423687,0.6743837574236912,0.21990246765714663,0.003678905918181546,0.0398148559594659,0.0007285473798646039,0.061491465661650195,0.03882175804166464
"District of Columbia",11,701974,623993,257792,312661,1298,28347,283,23612,20047,77981,30514,5970,1140,415,45,39897,9698,"District of Columbia",11,288306,318631,2438,28762,328,63509,29745,0.04346884642451145,0.36723867265739185,0.008504588489032357,0.44540253627627235,0.001623991771775023,0.0018490713331262981,0.0005911899870935391,0.04038183750395314,0.00006410493835954039,0.0004031488345722206,0.0568354383495685,0.033636573434343724,0.013815326493573836,0.028558037762082357,0.4107075190819033,0.4539071247653047,0.0034730631049013213,0.04097302749104668,0.000467253772931761,0.09047201178391223,0.042373364255656194
"Florida",12,21216924,15748098,11331222,3231108,39070,579476,10889,556333,465441,5468826,3868366,149953,16585,11192,2450,1420280,811576,"Florida",12,15199588,3381061,55655,590668,13339,1976613,1277017,0.18232454431188988,0.5340652584700779,0.007067612628484695,0.15228918197567187,0.0007816872983095948,0.0018414544917067148,0.0005275034213253533,0.02731197038741337,0.00011547385473973512,0.0005132223690861126,0.06694090057540858,0.026221190215886148,0.03825135066704297,0.0219372516015988,0.7163898027819677,0.15935679460415655,0.0026231417900163096,0.027839473808738722,0.0006286962238258477,0.09316209079129473,0.06018860226864177
"Georgia",13,10516579,9503522,5478289,3275581,17433,430473,5441,296305,257880,1013057,541976,44263,17529,4130,1686,403473,135289,"Georgia",13,6020265,3319844,34962,434603,7127,699778,393169,0.05153538997805275,0.5209193027504476,0.0042088781912825455,0.3114683016216585,0.0016667967786863009,0.0016576683349214607,0.0003927132577998986,0.040932797633146674,0.00016031829362000703,0.0005173735679634984,0.038365422824285345,0.02817503676813534,0.012864354463557017,0.024521282063302143,0.5724546927285004,0.3156771798129411,0.0033244651136077616,0.04132551089094657,0.0006776918615835054,0.06654045959242069,0.03738563652685916
"Hawaii",15,1420074,1267508,306360,25130,2100,522125,137046,274747,272208,152566,36563,1587,1408,12394,10652,89962,72710,"Hawaii",15,342923,26717,3508,534519,147698,364709,344918,0.025747249791208064,0.2157352363327545,0.0011175473954174219,0.017696260899079906,0.000991497626180044,0.0014787961754105772,0.008727714189542235,0.3676745014696417,0.007501017552606413,0.09650623840729426,0.06335021977727921,0.19347372038358562,0.05120155710195384,0.19168578538864875,0.24148248612396256,0.018813808294497327,0.0024702938015906213,0.3764022156591839,0.10400725595990068,0.25682394016086485,0.2428873424906026
"Idaho",16,1754367,1531400,1427529,10558,18866,23603,2611,48233,44998,222967,123450,978,4163,898,563,92915,30098,"Idaho",16,1550979,11536,23029,24501,3174,141148,75096,0.07036726067008785,0.8137003261005251,0.0005574660262077433,0.006018125055931855,0.002372935651434392,0.01075373624788884,0.0005118655332664147,0.013453855436177265,0.0003209134690746007,0.0014882860883726153,0.05296212252054444,0.027493107200488837,0.01715604545685139,0.02564913726717386,0.8840675867706129,0.006575591082139598,0.013126671899323232,0.013965720969443679,0.001809199557447216,0.08045522972103328,0.04280518272402525
"Illinois",17,12716164,10525468,7737459,1766586,13301,702457,3305,302360,277509,2190696,1136608,30074,20671,7110,1891,994342,262043,"Illinois",17,8874067,1796660,33972,709567,5196,1296702,539552,0.08938293026104413,0.6084743008976606,0.00236502140110807,0.13892444293735123,0.0016255688429309342,0.001045991542732541,0.0005591308825523168,0.055241266155422346,0.00014870836834127022,0.0002599054243087774,0.0781951223655184,0.02377761092102933,0.020607079304733725,0.021823326594403784,0.6978572311587048,0.1412894643384593,0.002671560385663475,0.05580039703797466,0.00040861379265004765,0.10197273328654774,0.042430405899137505
"Indiana",18,6696893,6221418,5253453,622317,10363,157076,1790,176419,159581,475475,256901,9606,3667,1629,415,203257,63010,"Indiana",18,5510354,631923,14030,158705,2205,379676,222591,0.038361222136892435,0.7844612419520515,0.0014343965179076327,0.09292622713249263,0.0005475673569818123,0.0015474340115632728,0.00024324712967640366,0.02345505594907967,0.00006196903549153316,0.00026728812898757677,0.030350940353982062,0.02634341029489347,0.009408840786316878,0.02382911000668519,0.8228224640889439,0.09436062365040027,0.002095001368545085,0.023698303078756075,0.0003292571644791099,0.05669435064887553,0.03323795079300207
"Iowa",19,3150011,2955604,2677946,114312,8055,78873,3644,72774,69541,194407,128472,2723,2483,423,297,60009,23438,"Iowa",19,2806418,117035,10538,79296,3941,132783,92979,0.040784619482281174,0.8501386185635542,0.0008644414257601005,0.036289397084645104,0.0007882512156306755,0.002557133927468825,0.00013428524535311146,0.02503896018140889,0.00009428538503516338,0.0011568213571317688,0.01905040966523609,0.02310277646649488,0.007440608937556091,0.022076430844209752,0.8909232380458354,0.037153838510405206,0.0033453851430995003,0.025173245426762,0.0012511067421669322,0.04215318613173097,0.02951703978176584
"Kansas",20,2912619,2561017,2193988,159797,17788,85734,1889,101821,95843,351602,222177,6040,4490,1359,455,117081,44202,"Kansas",20,2416165,165837,22278,87093,2344,218902,140045,0.07628083178747375,0.7532698234818903,0.002073735013058694,0.05486368110624836,0.0015415679153366782,0.006107218280180141,0.00046659037793820614,0.029435363842644714,0.00015621679320226915,0.0006485571919979922,0.040197842560252474,0.034958571649776365,0.015176032292586157,0.032906123320626555,0.8295506552693641,0.056937416119307055,0.007648786195516819,0.02990195422058292,0.0008047739852002614,0.07515641421002885,0.04808215561321271
"Kentucky",21,4461952,4294003,3751738,356048,7075,67524,2691,108927,99577,167949,96567,5182,1289,615,342,63954,25139,"Kentucky",21,3848305,361230,8364,68139,3033,172881,124716,0.02164232156688373,0.840828856966637,0.0011613751111621102,0.07979646576207006,0.00028888701626552684,0.0015856288906738575,0.0001378320519808371,0.015133286956022835,0.00007664806793080696,0.0006030992713502969,0.014333188703060901,0.02441240963596202,0.005634081227229697,0.02231691421153791,0.8624711785335207,0.08095784087323217,0.0018745159069393845,0.015271119008003672,0.0006797473392811038,0.03874559833902292,0.027950995438767605
"Louisiana",22,4664616,4421244,2720638,1489071,23328,79976,1527,106704,93782,243372,136266,11562,2610,954,216,91764,31871,"Louisiana",22,2856904,1500633,25938,80930,1743,198468,125653,0.02921269403526464,0.5832501539247819,0.0024786606228679917,0.319226920286686,0.000559531588452297,0.005001054749201221,0.0002045184426756672,0.017145248397724487,0.00004630606249260389,0.00032735813623243585,0.019672358882274553,0.022875194871346323,0.006832502396767494,0.020104977558710085,0.6124628479600465,0.321705580909554,0.005560586337653517,0.017349766840400155,0.00037366419872503974,0.042547553753620876,0.02693747995547758
"Maine",23,1340825,1317682,1242113,17761,8011,15157,159,34481,32198,23143,13917,874,883,113,31,7325,4762,"Maine",23,1256030,18635,8894,15270,190,41806,36960,0.010379430574459754,0.9263796543173046,0.0006518374881136614,0.013246322226987116,0.0006585497734603696,0.0059746797680532504,0.00008427647157533608,0.011304234333339548,0.000023120093971994854,0.00011858370779184457,0.0054630544627374935,0.025716256782204985,0.0035515447578915965,0.02401357373259001,0.9367590848917644,0.013898159715100777,0.00663322954151362,0.011388510804914884,0.00014170380176383942,0.03117931124494248,0.027565118490481606
"Maryland",24,6037624,5418206,3028494,1773702,11223,382027,1954,220806,196537,619418,246554,29426,4637,2402,696,335703,74602,"Maryland",24,3275048,1803128,15860,384429,2650,556509,271139,0.04083626274176729,0.501603610956893,0.004873771536617716,0.2937748359288356,0.0007680173525214555,0.0018588438100815817,0.0003978386199604348,0.06327439403314947,0.0001152771355089353,0.0003236372453799707,0.05560183939907487,0.03657167124020973,0.012356185148329873,0.032552043651608645,0.5424398736986603,0.2986486074654533,0.0026268611626030372,0.06367223265310991,0.00043891438088890597,0.09217351063928458,0.04490822879993852
"Massachusetts",25,6873003,6044863,4865022,466288,8943,462831,2327,239452,185469,828140,396765,47081,5056,3213,459,375566,142775,"Massachusetts",25,5261787,513369,13999,466044,2786,615018,328244,0.05772804114882534,0.7078451733543547,0.006850135232008483,0.06784341575291034,0.0007356318628116414,0.0013011779567097526,0.00046748124509766694,0.0673404332865852,0.00006678303501395242,0.00033857107293565857,0.054643654309477235,0.03483950174327001,0.02077330680635524,0.02698514754031098,0.76557321450318,0.07469355098491882,0.002036809819521394,0.06780791453168288,0.00040535410794961097,0.08948315605274725,0.04775845434666622
"Michigan",26,9973907,9452704,7428622,1342592,42931,314736,2675,321148,293901,521203,307280,17557,7104,2108,442,186712,82379,"Michigan",26,7735902,1360149,50035,316844,3117,507860,376280,0.03080838832766337,0.7448056213076781,0.001760293132871602,0.13461043901853106,0.0007122584960938577,0.004304331291639274,0.00021135147941523817,0.03155593891140152,0.00004431563278061446,0.0002681998137740807,0.018720046216592956,0.03219881637155831,0.008259451386502801,0.029466988212342466,0.7756140096353416,0.13637073215140266,0.005016589787733132,0.03176729039081676,0.0003125154465546952,0.05091886258815126,0.037726439598845266
"Minnesota",27,5600166,5292491,4422490,354540,48409,273100,1905,192047,174553,307675,149659,5277,6149,2142,296,144152,42898,"Minnesota",27,4572149,359817,54558,275242,2201,336199,217451,0.02672402925199003,0.7897069479726136,0.0009422934962999311,0.06330883763088452,0.0010980031663347122,0.008644208046690045,0.00038248866194323525,0.048766411567085687,0.0000528555760668523,0.0003401684878626812,0.025740665544557076,0.03429309059767157,0.007660130074715643,0.031169254625666453,0.8164309772246037,0.06425113112718445,0.009742211213024756,0.04914890022902892,0.0003930240639295335,0.06003375614222864,0.038829384700382094
"Mississippi",28,2981835,2887493,1680938,1118689,12897,29561,1090,44318,39179,94342,48415,4856,1054,181,125,39711,10851,"Mississippi",28,1729353,1123545,13951,29742,1215,84029,50030,0.016236646226233175,0.5637260277647824,0.0016285274000741154,0.37516797542452884,0.0003534736160786898,0.0043251890195131525,0.00006070087714444293,0.00991369408434739,0.000041920495265499265,0.0003655467187151536,0.01331763829990593,0.014862660073411173,0.0036390343530074603,0.013139224672055966,0.5799626739910156,0.376796502824603,0.004678662635591842,0.009974394961491833,0.00040746721398065287,0.028180298373317102,0.016778259025063427
"Missouri",29,6124160,5861483,4826943,692510,20646,122506,7876,191002,178162,262677,151103,5533,3628,1304,1011,100098,36156,"Missouri",29,4978046,698043,24274,123810,8887,291100,214318,0.024673261312571845,0.7881804198453339,0.0009034708433483123,0.1130783650329188,0.0005924077751071167,0.00337123785139513,0.0002129271606228446,0.0200037229595569,0.00016508386456265024,0.001286053924130003,0.01634477218100115,0.031188277249451352,0.005903830076288014,0.029091663183195737,0.8128536811579058,0.11398183587626712,0.003963645626502247,0.020216650120179744,0.0014511377886926534,0.0475330494304525,0.03499549325948375
"Montana",30,1061705,1020204,908782,4931,62720,8527,552,34692,33029,41501,23375,988,2803,137,43,14155,7676,"Montana",30,932157,5919,65523,8664,595,48847,40705,0.022016473502526595,0.8559646982918984,0.0009305786447271134,0.004644416292661333,0.002640093057864473,0.059074790078223235,0.00012903772705224144,0.00803142115747783,0.00004050089243245534,0.0005199184330864035,0.013332328660032682,0.03267574326201723,0.007229880239802958,0.031109394794222502,0.8779811717944249,0.005574994937388446,0.06171488313608771,0.008160458884530071,0.0005604193255188589,0.04600807192204991,0.03833927503402546
"Nebraska",31,1923826,1708874,1507127,89744,13378,47539,1051,50035,47433,214952,134129,2152,3497,405,184,74585,28504,"Nebraska",31,1641256,91896,16875,47944,1235,124620,75937,0.06971992269571156,0.7834008896854497,0.0011186042812603636,0.04664870939471657,0.0018177319570480907,0.006953851335827668,0.00021051799902901822,0.024710654705779003,0.00009564274523787494,0.0005463072024185139,0.038769098660689685,0.026008069336831915,0.014816308751415149,0.024655556167761532,0.8531208123811613,0.04776731367597693,0.00877158329287576,0.024921172704808023,0.0006419499476563889,0.0647771679975216,0.03947186491917668
"Nevada",32,3030281,2154483,1460159,271744,25928,246904,19401,130347,118766,875798,420889,10978,11787,5410,1997,424737,109715,"Nevada",32,1881048,282722,37715,252314,21398,555084,228481,0.13889437976214086,0.4818559730929244,0.0036227663375112736,0.08967617194577004,0.0038897382783972837,0.008556302204317025,0.001785312979225359,0.0814789123516928,0.0006590147910375308,0.006402376545277484,0.1401642289939448,0.04301482271776116,0.03620621321917011,0.039193064933582066,0.6207503528550653,0.09329893828328131,0.012446040482714308,0.08326422533091817,0.007061391336315015,0.18317905171170595,0.07539927815275217
"New Hampshire",33,1355244,1302452,1214029,18343,1895,36398,320,31467,29425,52792,32573,2702,302,183,104,16928,10427,"New Hampshire",33,1246602,21045,2197,36581,424,48395,39852,0.024034786355814894,0.8958010513235993,0.001993736921174342,0.013534832104034403,0.00022283810147840537,0.0013982721930515833,0.00013503103500181517,0.026857156349705293,0.0000767389488534906,0.0002361198426261249,0.012490739674922008,0.02321869714973835,0.0076938174970706385,0.02171195740398039,0.9198358376794142,0.015528569025208744,0.0016211102945299888,0.026992187384707107,0.0003128587914796155,0.03570943682466036,0.029405774901051028
"New Jersey",34,8885418,7070340,4858807,1121134,10290,851568,2122,226419,184111,1815078,961340,68547,11998,6305,1034,765854,243500,"New Jersey",34,5820147,1189681,22288,857873,3156,992273,427611,0.10819299666037095,0.5468293106750859,0.007714549838848324,0.12617684390312306,0.0013503022592746903,0.001158077200194746,0.0007095895769900752,0.09583882266427983,0.0001163704397474604,0.00023881825255716725,0.08619223091136512,0.025482087618162702,0.02740445075290774,0.02072057836783818,0.6550223073354569,0.13389139374197137,0.0025083794594694363,0.09654841224126991,0.0003551886923046277,0.1116743185295278,0.04812502912074592
"New Mexico",35,2097021,1065233,769139,37975,179881,31328,1408,45502,39568,1031788,698710,5501,15285,2367,445,309480,130734,"New Mexico",35,1467849,43476,195166,33695,1853,354982,170302,0.3331917038503668,0.36677696599128,0.0026232450700302955,0.018109022274931916,0.007288911269844222,0.08577930311618243,0.001128744061218271,0.014939287684768059,0.00021220579097681901,0.0006714286599895756,0.14758078245282236,0.021698399777589257,0.06234272332036732,0.018868671319934326,0.6999686698416467,0.02073226734496221,0.09306821438602665,0.01606803174598633,0.0008836344509663947,0.1692791822304116,0.08121139464030164
"New York",36,19514849,15794142,10766297,2737471,42429,1657284,5537,585124,467416,3720707,1393748,264930,34106,16932,3839,2007152,454137,"New York",36,12160045,3002401,76535,1674216,9376,2592276,921553,0.07141987109405766,0.5516976841583555,0.013575816036291134,0.14027630959378676,0.0017476947938464705,0.002174190535627511,0.0008676469902482976,0.08492425434601109,0.00019672199359574855,0.00028373265916636095,0.10285255089598694,0.02998352690302651,0.023271356083769852,0.023951812284071478,0.6231175552524132,0.15385212563007788,0.003921885329473981,0.08579190133625939,0.0004804546527621095,0.13283607779901346,0.04722316836784133
"North Carolina",37,10386227,9395176,6503292,2182623,108223,306140,6249,288649,258314,991051,516151,34899,12049,2818,1119,424015,120055,"North Carolina",37,7019443,2217522,120272,308958,7368,712664,378369,0.049695717222433135,0.6261457601494749,0.00336012297824802,0.210145898024374,0.0011600940360729647,0.010419856989453437,0.0002713208559758996,0.02947557375743858,0.00010773883528638455,0.0006016621820416596,0.04082473837708342,0.02779151659211762,0.011559057971677299,0.02487082171417975,0.675841477371908,0.21350602100262203,0.011579951025526402,0.02974689461341448,0.0007094010173280442,0.06861625496920104,0.03642987968585705
"North Dakota",38,760394,730069,636284,23459,37170,11831,983,20342,19122,30325,15186,500,1995,148,21,12475,4820,"North Dakota",38,651470,23959,39165,11979,1004,32817,23942,0.01997122544365158,0.836781984076676,0.0006575538470845378,0.030851111397512343,0.0026236398498673055,0.04888255299226454,0.00019463593873702317,0.015559039129714331,0.000027617261577550585,0.0012927508633682012,0.016405968484759215,0.026751920714787335,0.006338819085894944,0.025147489327901063,0.8567532095203276,0.03150866524459688,0.05150619284213184,0.015753675068451354,0.0013203681249457518,0.04315788919954655,0.03148630841379601
"Ohio",39,11675275,11215336,9141370,1422412,14901,266601,3367,366685,335761,459939,253508,20243,5541,1926,540,178181,79388,"Ohio",39,9394878,1442655,20442,268527,3907,544866,415149,0.021713235876671,0.782968281261041,0.0017338349632021516,0.12183113459854265,0.00047459267554725694,0.0012762868540569707,0.00016496399442411422,0.022834665564622676,0.00004625158722171426,0.00028838721143613317,0.015261396412504203,0.03140696900073017,0.006799668530291578,0.028758294772500005,0.804681517137712,0.1235649695617448,0.0017508795296042276,0.02299962955904679,0.00033463879865784743,0.04666836541323438,0.03555796330279158
"Oklahoma",40,3949342,3517875,2563119,282134,288801,85858,5820,292143,285369,431467,246674,5722,14990,1175,598,162308,59468,"Oklahoma",40,2809793,287856,303791,87033,6418,454451,344837,0.062459518572967346,0.6489989978077361,0.0014488489474955575,0.07143822945695764,0.0037955689833901445,0.0731263587706509,0.00029751791564265644,0.021739824001061444,0.00015141762855685833,0.0014736632076938385,0.0410974790230879,0.07397257568475964,0.015057698219095738,0.07225735325023763,0.7114585163807035,0.0728870784044532,0.07692192775404105,0.0220373419167041,0.0016250808362506968,0.11507005470784754,0.08731505146933337
"Oregon",41,4176346,3624067,3128494,75418,35842,185221,15614,183478,172818,552279,320587,3699,9841,2580,831,214741,85154,"Oregon",41,3449081,79117,45683,187801,16445,398219,257972,0.07676255750840567,0.7490983745120735,0.0008857024777161663,0.01805836968488722,0.002356366067370855,0.008582143337740695,0.0006177649074094914,0.044350013145462566,0.00019897776668887108,0.0037386749086402325,0.05141839301628745,0.04393266266731732,0.020389594157189085,0.04138019215840833,0.8258609320204792,0.01894407216260339,0.010938509405111551,0.04496777805287206,0.003937652675329103,0.09535105568360476,0.061769786315597416
"Pennsylvania",42,12794885,11823072,9685118,1352329,12224,445725,2968,324708,285943,971813,469886,67253,8574,3595,1300,421205,147082,"Pennsylvania",42,10155004,1419582,20798,449320,4268,745913,433025,0.03672451921216955,0.7569523289970953,0.005256241068208116,0.10569293901430142,0.0006701115328508229,0.0009553817795157987,0.0002809716539070105,0.034836186491711336,0.00010160310155190923,0.00023196769646620504,0.0329197956839784,0.02537795376824411,0.011495374909583009,0.02234822743619814,0.7936768482092649,0.11094918008250954,0.0016254933123666217,0.035117158145618346,0.00033357079801811426,0.05829774945222251,0.03384360234578115
"Puerto Rico",72,3255642,43017,31715,3214,151,2189,24,5724,2320,3212625,1920736,364692,5546,3693,234,917724,313061,"Puerto Rico",72,1952451,367906,5697,5882,258,923448,315381,0.5899715017806012,0.009741550207301664,0.11201845903204345,0.0009872092816102017,0.0017035042550747287,0.00004638102100906672,0.001134338480705188,0.0006723712250917024,0.0000718752246100769,0.0000073718179087258365,0.2818872591028129,0.001758178571231112,0.09615952859681746,0.0007126090645101643,0.5997130519879028,0.11300566831365365,0.0017498852760837954,0.0018067097057968904,0.00007924704251880274,0.28364543767404404,0.09687213766132763
"Rhode Island",44,1057798,889791,755708,58680,2832,35856,648,36067,29197,168007,79900,10516,1512,680,142,75257,23124,"Rhode Island",44,835608,69196,4344,36536,790,111324,52321,0.07553427024819484,0.7144161739765059,0.009941406582353152,0.0554737293887869,0.0014293844382386807,0.0026772597414629258,0.0006428448531761263,0.033896830963945856,0.00013424113110442636,0.0006125933306737203,0.07114496340511137,0.0340963019404461,0.021860506448301092,0.02760167820321082,0.7899504442247007,0.06541513597114004,0.0041066441797016065,0.03453967581712198,0.0007468344617781467,0.10524126534555747,0.04946218465151191
"South Carolina",45,5091517,4794620,3230111,1337126,14085,82800,3384,127114,113574,296897,156218,9434,2866,773,249,127357,38137,"South Carolina",45,3386329,1346560,16951,83573,3633,254471,151711,0.03068201481012437,0.6344103338945937,0.0018528858884297155,0.2626183905503998,0.0005628970697731147,0.0027663660948200703,0.00015182115664152748,0.016262343816194662,0.00004890487451971583,0.0006646349211836079,0.025013566683564054,0.024965840239755656,0.007490302006258645,0.022306514934547012,0.665092348704718,0.2644712764388295,0.0033292631645931853,0.01641416497283619,0.0007135397957033238,0.049979406923319716,0.02979681694080566
"South Dakota",46,879336,843248,715328,18436,72142,12275,494,24573,23749,36088,19900,400,2833,138,50,12767,6271,"South Dakota",46,735228,18836,74975,12413,544,37340,30020,0.022630712264708825,0.8134865398437002,0.00045488868873786586,0.020965819663928235,0.003221749137985935,0.0820414494573178,0.00015693659761456373,0.013959396635643257,0.00005686108609223323,0.0005617875305912643,0.014518909722790834,0.02794494937088894,0.007131517417687892,0.02700787867208894,0.836117252108409,0.0214207083526661,0.08526319859530374,0.014116333233257821,0.0006186486166834975,0.04246385909367977,0.03413939608977683
"Tennessee",47,6772268,6395106,4969371,1118600,13814,121808,3439,168074,152592,377162,227309,10206,3364,1089,520,134674,46396,"Tennessee",47,5196680,1128806,17178,122897,3959,302748,198988,0.03356467877526406,0.7337823901830228,0.0015070283692257896,0.1651736168739926,0.0004967316709852593,0.0020397893290696706,0.00016080285068458602,0.017986293513487652,0.0000767837303544396,0.0005078062474786881,0.019886100195680385,0.024817978260754006,0.0068508806798549616,0.022531890350470478,0.7673470689582869,0.16668064524321838,0.00253652100005493,0.01814709636417224,0.0005845899778331278,0.044704078456434385,0.02938277103032544
"Texas",48,28635442,17341185,11850477,3367449,65132,1396953,21477,639697,583800,11294257,7955146,96975,72789,18711,3851,3146785,1414284,"Texas",48,19805623,3464424,137921,1415664,25328,3786482,1998084,0.2778076902043279,0.4138395000154005,0.003386537564183574,0.11759724190742367,0.0025419199047110918,0.0022745239972199486,0.0006534210297853968,0.04878405578653195,0.00013448369331962818,0.0007500146147560774,0.10989126691321893,0.022339344369121317,0.04938928478910855,0.020387322814853007,0.6916471902197283,0.12098377947160724,0.00481644390193104,0.04943747681631735,0.0008844983080757056,0.13223061128234026,0.06977660760396155
"Utah",49,3151239,2705172,2455192,34982,27734,72061,28820,86383,79532,446067,227689,3077,5488,1129,630,208054,54119,"Utah",49,2682881,38059,33222,73190,29450,294437,133651,0.07225380239328086,0.7791195780453339,0.000976441329902302,0.011101030420098253,0.0017415372175833062,0.008800982724572779,0.00035827177817994763,0.022867513381244646,0.00019992136426338973,0.009145609076303003,0.06602291987373855,0.02741239239549904,0.01717387986122284,0.025238326893009384,0.8513733804386148,0.012077471750000554,0.010542519942156086,0.023225785159424594,0.009345530440566392,0.0934353122692376,0.042412206754232226
"Vermont",50,624340,611822,576601,7496,1538,10042,192,15953,14981,12518,7759,468,335,84,13,3859,2154,"Vermont",50,584360,7964,1873,10126,205,19812,17135,0.012427523464778807,0.9235368549187942,0.0007495915686965435,0.012006278630233527,0.0005365666143447481,0.00246340135182753,0.00013454207643271294,0.01608418489925361,0.000020821988019348433,0.0003075247461319153,0.006180927058974276,0.025551782682512736,0.0034500432456674246,0.023994938655219913,0.935964378383573,0.012755870198930071,0.0029999679661722777,0.016218726975686323,0.00032834673415126374,0.03173270974148701,0.027444981900887337
"Virginia",51,8509358,7698588,5209336,1590974,16856,564706,4680,312036,285197,810770,434100,29675,5697,5692,1314,334292,120589,"Virginia",51,5643436,1620649,22553,570398,5994,646328,405786,0.05101442435492783,0.612189074663447,0.00348733711755928,0.18696757146661358,0.0006694982159641186,0.001980877993380934,0.0006689106275702586,0.06636293830862446,0.00015441822990641598,0.0005499827366529884,0.039285219872051455,0.03666974641330169,0.014171339365437439,0.03351568943273982,0.6632034990183748,0.19045490858417286,0.002650376209345053,0.06703184893619471,0.0007044009665594043,0.07595496628535314,0.04768702879817725
"Washington",53,7512465,6540943,5067909,279720,75677,656578,49219,411840,388477,971522,455972,10525,16089,6324,1898,480714,143499,"Washington",53,5523881,290245,91766,662902,51117,892554,531976,0.060695390926946084,0.6746000147754432,0.0014010048632506107,0.037234116897715996,0.002141640593333879,0.01007352446899919,0.0008418009268595595,0.08739847706445221,0.000252646767738685,0.006551644500174044,0.06398885053041845,0.05482088768466808,0.019101453384475,0.05171098966850428,0.7352954057023893,0.038635121760966604,0.01221516506233307,0.08824027799131177,0.006804291267912729,0.11880973821508652,0.07081244305297928
"West Virginia",54,1807426,1778747,1654681,63133,3072,13948,453,43460,39146,28679,17574,1152,74,280,21,9578,4614,"West Virginia",54,1672255,64285,3146,14228,474,53038,43760,0.009723219650486382,0.9154903160627323,0.0006373704926232112,0.034929784123942,0.00004094220178308821,0.0016996546469952296,0.0001549164391792527,0.00771705176311506,0.000011618732938443952,0.00025063266767214813,0.00529924876592458,0.024045244452608295,0.002552801608475257,0.021658424743253666,0.9252135357132187,0.03556715461656521,0.0017405968487783179,0.007871968202294313,0.0002622514006105921,0.029344493218532875,0.024211226351728923
"Wisconsin",55,5806975,5398708,4681072,360526,43830,162010,2174,149096,134689,408267,213993,7363,4844,1386,498,180183,59875,"Wisconsin",55,4895065,367889,48674,163396,2672,329279,194564,0.03685102828925559,0.806111960185811,0.0012679579299032628,0.06208499261663775,0.0008341692533548018,0.007547819647923402,0.00023867848578648952,0.027899207418664623,0.00008575893645142265,0.00037437736515139123,0.03102871977234274,0.025675330098717492,0.010310876144636407,0.023194348176115792,0.8429629884750666,0.06335295054654101,0.008381988901278205,0.028137885904451113,0.0004601363016028139,0.05670404987106024,0.0335052243207522
"Wyoming",56,581348,522494,485816,4712,11596,4746,482,15142,14317,58854,39430,367,1521,146,107,17283,8401,"Wyoming",56,525246,5079,13117,4892,589,32425,22718,0.06782512367807234,0.8356715770932385,0.0006312914123726236,0.008105300095639789,0.00261633307416556,0.019946744462869054,0.00025114045287848245,0.008163784858638888,0.00018405498943833986,0.0008291075225166337,0.02972918114451241,0.026046361215657406,0.014450896881041992,0.024627245642885157,0.9034967007713108,0.008736591508012412,0.022563077537034616,0.00841492531151737,0.0010131625119549736,0.05577554236016981,0.03907814252392715